{
    "count": 3,
    "harmonics":
    [
        [1  ,  1 , 2.356194490192345],
        [1  , -2 , 0.7853981633974483],
        [0.5,  4 , 2.356194490192345]
    ]
}
