{
    "count": 4,
    "harmonics":
    [
        [1.4  , -12.0 , 1.5707963267948966],
        [1    ,  1.6 ,   1.5707963267948966],
        [0.5  ,  13.6 ,   1.5707963267948966],
        [0.5  , -8 ,   1.5707963267948966]
    ]
}
