{
    "count": 4,
    "harmonics":
    [
        [1.4  , -3.0 , 1.5707963267948966],
        [1    ,  0.4 ,   1.5707963267948966],
        [0.5  ,  3.4 ,   1.5707963267948966],
        [0.5  , -2 ,   1.5707963267948966]
    ]
}
